{
        "momentum": 1.331104,
        "strength": -0.434903,
        "volatility": -0.380515,
        "recovery": -0.216888,
        "trend_strength": -0.059580,
        "_intercept": 36.936307
}