{
  "momentum": 0.17582075,
  "strength": 0.11454247,
  "volatility": 0.16891454,
  "vb": 0.05444091,
  "safe_haven": 0.17147319,
  "rate": 0.03433208,
  "interest": 0.26419596,
  "buffett": 0.01628012
}